Posted Date,Reference Number,Payee,Address,Amount,Source_File
05/24/2025,                       ,INTEREST CHARGED ON PURCHASES,,-57.44,May2025_5383.csv
05/24/2025,24692165144109163156250,SQ *DRIFTWOOD NATURAL SKIgosq.com WA,gosq.com      WA ,-64.0,May2025_5383.csv
05/24/2025,24793385143000016651071,Vagaro_*Refine Nails and SEATTLE WA,SEATTLE       WA ,-102.5,May2025_5383.csv
05/23/2025,24055235143348138771297,KITCHEN & MARKET-MADISON SEATTLE WA,SEATTLE       WA ,-12.5,May2025_5383.csv
05/23/2025,24011345143100012764066,HUNGRYROOT.COM HUNGRYROOT.CONY,HUNGRYROOT.CO NY ,-127.67,May2025_5383.csv
05/21/2025,24692165140106351416201,SQ *MAINSTAY PROVISIONS DSeattle WA,Seattle       WA ,-9.83,May2025_5383.csv
05/20/2025,24137465140001201543154,NORDRACKCOM8889666283 888-966-6283 CA,888-966-6283  CA ,-55.14,May2025_5383.csv
05/20/2025,24137465140001201543071,NORDRACKCOM8889666283 888-966-6283 CA,888-966-6283  CA ,-170.94,May2025_5383.csv
05/20/2025,24692165139104751051630,NYTIMES* 800-698-4637 NY,800-698-4637  NY ,-25.55,May2025_5383.csv
05/19/2025,24692165138104175694172,GOOGLE *Disney Mobile 855-836-3987 CA,855-836-3987  CA ,-17.65,May2025_5383.csv
05/19/2025,24692165137103470338288,TM *JON BATISTE 800-653-8000 CA,800-653-8000  CA ,-218.0,May2025_5383.csv
05/16/2025,24137465136001282491337,NORDRACKCOM8889666283 888-966-6283 CA,888-966-6283  CA ,-99.28,May2025_5383.csv
05/16/2025,24137465136001282491410,NORDRACKCOM8889666283 888-966-6283 CA,888-966-6283  CA ,-134.85,May2025_5383.csv
05/16/2025,24011345136100020785151,HUNGRYROOT.COM HUNGRYROOT.CONY,HUNGRYROOT.CO NY ,-127.67,May2025_5383.csv
05/15/2025,24137465135001324860698,NORDRACKCOM8889666283 888-966-6283 CA,888-966-6283  CA ,-69.49,May2025_5383.csv
05/15/2025,24692165134100919639964,SQ *MAINSTAY PROVISIONS DSeattle WA,Seattle       WA ,-54.57,May2025_5383.csv
05/15/2025,74431065134206345289689,ALASKA AIR SEATTLE WA,SEATTLE       WA ,74.0,May2025_5383.csv
05/15/2025,74431065134206345289671,ALASKA AIR SEATTLE WA,SEATTLE       WA ,61.0,May2025_5383.csv
05/15/2025,74431065134206345289663,ALASKA AIR SEATTLE WA,SEATTLE       WA ,61.0,May2025_5383.csv
05/13/2025,24717055133121333270207,SHORELINE SCHOOL DISTRICT206-3934215 WA,206-3934215   WA ,-58.96,May2025_5383.csv
05/13/2025,24431065132205080464728,ALASKA AIR SEATTLE WA,SEATTLE       WA ,-74.0,May2025_5383.csv
05/13/2025,24431065132205080464710,ALASKA AIR SEATTLE WA,SEATTLE       WA ,-114.0,May2025_5383.csv
05/13/2025,24431065132205080464702,ALASKA AIR SEATTLE WA,SEATTLE       WA ,-114.0,May2025_5383.csv
05/13/2025,24431065132205080464694,ALASKA AIR 0272105262086SEATTLE WA,SEATTLE       WA ,-126.0,May2025_5383.csv
05/13/2025,24431065132205080464686,ALASKA AIR 0272105259538SEATTLE WA,SEATTLE       WA ,-126.0,May2025_5383.csv
05/13/2025,24431065132205080464678,ALASKA AIR 0272105260140SEATTLE WA,SEATTLE       WA ,-626.6,May2025_5383.csv
05/13/2025,24431065132205080464660,ALASKA AIR 0272105260139SEATTLE WA,SEATTLE       WA ,-626.6,May2025_5383.csv
05/13/2025,24431065132205080040734,ALASKA AIR SEATTLE WA,SEATTLE       WA ,-74.0,May2025_5383.csv
05/13/2025,13373500010847000327331,BA ELECTRONIC PAYMENT,,6485.11,May2025_5383.csv
05/12/2025,13273500010847000227839,BA ELECTRONIC PAYMENT,,170.0,May2025_5383.csv
05/10/2025,24692165129106119757578,TST*BA BAR - SOUTH LAKE Seattle WA,Seattle       WA ,-23.78,May2025_5383.csv
05/09/2025,24011345129100013066972,HUNGRYROOT.COM HUNGRYROOT.CONY,HUNGRYROOT.CO NY ,-127.67,May2025_5383.csv
05/06/2025,24943005126200891737854,POKE ALICE 2 SEATTLE WA,SEATTLE       WA ,-20.29,May2025_5383.csv
05/06/2025,24943005126200891737847,POKE ALICE 2 SEATTLE WA,SEATTLE       WA ,-20.29,May2025_5383.csv
05/02/2025,74350155122002668425921,LEV HAOLAM.COM SBUT RAHEL,,-99.0,May2025_5383.csv
05/02/2025,24011345122100021726499,HUNGRYROOT.COM HUNGRYROOT.CONY,HUNGRYROOT.CO NY ,-127.67,May2025_5383.csv
05/01/2025,24492165121100009163773,SP FELLOW PRODUCTS FELLOWPRODUCTCA,FELLOWPRODUCT CA ,-128.81,May2025_5383.csv
04/28/2025,24000775116100028609259,"V. FREITAS LAW, PLLC v@vfreitaslawWA",v@vfreitaslaw WA ,-340.0,May2025_5383.csv
04/26/2025,74609055116100005710952,REMARKABLE OSLO,,-3.3,May2025_5383.csv
04/26/2025,24198805115516513594946,PAYPAL *ARSENIC ANY AR 4029357733 VT,4029357733    VT ,-153.0,May2025_5383.csv
04/26/2025,24198805115516513233461,PAYPAL *ARSENIC ANY AR 4029357733 VT,4029357733    VT ,-42.0,May2025_5383.csv
09/25/2025,                       ,INTEREST CHARGED ON PURCHASES,,-67.32,September2025_5383.csv
09/22/2025,26573500010847000188113,BA ELECTRONIC PAYMENT,,3585.15,September2025_5383.csv
09/19/2025,24011345262100069182597,HUNGRYROOT.COM HUNGRYROOT.CONY,HUNGRYROOT.CO NY ,-131.45,September2025_5383.csv
09/17/2025,74980305259100081870469,UBER TRIP* TRIP UBER.COM,,-0.68,September2025_5383.csv
09/15/2025,74188895256000106809059,UBER *TRIP HELP.UBER.COM Tokyo,,-3.4,September2025_5383.csv
09/15/2025,74980305257100004980009,UBER TRIP* TRIP UBER.COM,,-9.05,September2025_5383.csv
09/15/2025,24765015256477718332350,GALBI BURGER BROADWAY SEATTLE WA,SEATTLE       WA ,-35.68,September2025_5383.csv
09/13/2025,74980305256100033240368,UBER TRIP* TRIP UBER.COM,,-27.87,September2025_5383.csv
09/13/2025,74980305256100018070004,UBER TRIP* TRIP UBER.COM,,-18.75,September2025_5383.csv
09/13/2025,74980305255100079550473,UBER TRIP* TRIP UBER.COM,,-23.58,September2025_5383.csv
09/13/2025,24717055255872554660441,HAWAIIAN AI 1734211890354SEATTLE WA,SEATTLE       WA ,-160.0,September2025_5383.csv
09/13/2025,24049555255900019280295,MUD BAY UNIVERSITY VILLAGSEATTLE WA,SEATTLE       WA ,-8.82,September2025_5383.csv
09/12/2025,24431065255285676248405,THE NEW STAND ST2889 SEATTLE WA,SEATTLE       WA ,-4.4,September2025_5383.csv
09/11/2025,74998865253536203313483,PAYPAL *MOUSPRODUCT 35314369001,,-109.23,September2025_5383.csv
09/11/2025,24027625253067052958119,PAYPAL *BAMBULABUSA 512-915-9986 TX,512-915-9986  TX ,-77.18,September2025_5383.csv
09/08/2025,24692165250101277339450,NYTIMES* 800-698-4637 NY,800-698-4637  NY ,-25.55,September2025_5383.csv
09/08/2025,24943005250282374020378,HYATT AT OLIVE 8 F&B SEATTLE WA,SEATTLE       WA ,-83.57,September2025_5383.csv
09/05/2025,24011345248100067870713,HUNGRYROOT.COM HUNGRYROOT.CONY,HUNGRYROOT.CO NY ,-129.56,September2025_5383.csv
09/04/2025,74998865246535757359645,PAYPAL *TRYHACKME 35314369001,,-139.04,September2025_5383.csv
09/02/2025,24183105244900031994570,COURSEFORHIPAA.COM 407-9066254 FL,407-9066254   FL ,-15.0,September2025_5383.csv
09/01/2025,74350155244009343440319,LEV HAOLAM.COM SBUT RAHEL,,-99.0,September2025_5383.csv
09/01/2025,24251385243030121763689,SOLE FOOD SEATTLE WA,SEATTLE       WA ,-183.07,September2025_5383.csv
09/01/2025,24427335243710042927604,METROPOLITAN MKT 15 SEATTLE WA,SEATTLE       WA ,-33.33,September2025_5383.csv
09/01/2025,24445005242300433997396,QFC #5866 SEATTLE WA,SEATTLE       WA ,-15.82,September2025_5383.csv
08/29/2025,24011345241100083000623,HUNGRYROOT.COM HUNGRYROOT.CONY,HUNGRYROOT.CO NY ,-129.56,September2025_5383.csv
08/27/2025,24055235239457627292296,KITCHEN & MARKET-MADISON SEATTLE WA,SEATTLE       WA ,-28.5,September2025_5383.csv
08/27/2025,74609055239100004378332,REMARKABLE OSLO,,-3.3,September2025_5383.csv
08/27/2025,24198805238533077105276,PAYPAL *EVO 2068199672 WA,2068199672    WA ,-124.12,September2025_5383.csv
08/27/2025,23973500010847000160487,BA ELECTRONIC PAYMENT,,5745.4,September2025_5383.csv
10/24/2025,24011345297100061661415,HUNGRYROOT.COM HUNGRYROOT.CONY,HUNGRYROOT.CO NY ,-131.45,October2025_5383.csv
10/22/2025,24755425294292946882184,LAWRENCE ZANE HUPPIN DPM 206-3443808 WA,206-3443808   WA ,-11.4,October2025_5383.csv
10/22/2025,29573500010847000187788,BA ELECTRONIC PAYMENT,,1686.83,October2025_5383.csv
10/21/2025,24000775293100031757645,SMITHOPTICS.COM SMITHOPTICS.COR,SMITHOPTICS.C OR ,-263.76,October2025_5383.csv
10/21/2025,24011345293100111853594,SP PAMPER HAUS DESIGN STORE.PAMPERHCA,STORE.PAMPERH CA ,-5081.0,October2025_5383.csv
10/18/2025,24036295290718978748853,UBER *TRIP HELP.UBER.COMCA,HELP.UBER.COM CA ,-54.15,October2025_5383.csv
10/17/2025,24011345290100061675362,HUNGRYROOT.COM HUNGRYROOT.CONY,HUNGRYROOT.CO NY ,-133.34,October2025_5383.csv
10/16/2025,24027625288067905957218,PAYPAL *ARSENIC ANY 518-727-8838 VT,518-727-8838  VT ,-62.0,October2025_5383.csv
10/10/2025,24055235283509482465311,KITCHEN & MARKET-MADISON SEATTLE WA,SEATTLE       WA ,-7.5,October2025_5383.csv
10/10/2025,24011345283100064233531,HUNGRYROOT.COM HUNGRYROOT.CONY,HUNGRYROOT.CO NY ,-127.67,October2025_5383.csv
10/10/2025,24801975282508905800160,FURY CONSIGNMENT SEATTLE WA,SEATTLE       WA ,-533.24,October2025_5383.csv
10/09/2025,24692165281106643765844,SQ *MAINSTAY PROVISIONS DSeattle WA,Seattle       WA ,-19.86,October2025_5383.csv
10/09/2025,24692165281106635965428,SQ *MAINSTAY PROVISIONS DSeattle WA,Seattle       WA ,-39.34,October2025_5383.csv
10/08/2025,24027625280067498164600,PAYPAL *DR BRONNERS DR BR402-935-7733 CA,402-935-7733  CA ,-61.88,October2025_5383.csv
10/08/2025,24027625280067483118454,PAYPAL *STANCE 949-391-9030 CA,949-391-9030  CA ,-92.66,October2025_5383.csv
10/06/2025,24692165278104027485571,NYTIMES* 800-698-4637 NY,800-698-4637  NY ,-25.55,October2025_5383.csv
10/06/2025,24692165278103887641612,SQ *LUNA BELLA'S CONSIGNMVashon WA,Vashon        WA ,-41.31,October2025_5383.csv
10/03/2025,74350155276001116761642,LEV HAOLAM.COM SBUT RAHEL,,-99.0,October2025_5383.csv
10/03/2025,24011345276100064440812,HUNGRYROOT.COM HUNGRYROOT.CONY,HUNGRYROOT.CO NY ,-131.45,October2025_5383.csv
10/03/2025,24692165275100405532854,TST*RUBINSTEIN BAGELS - Seattle WA,Seattle       WA ,-39.41,October2025_5383.csv
10/02/2025,24692165275100236235230,SQ *LULA SEATTLE WA,SEATTLE       WA ,-19.46,October2025_5383.csv
09/29/2025,24427335270710049554076,PCC - VIEW RIDGE SEATTLE WA,SEATTLE       WA ,-54.92,October2025_5383.csv
09/27/2025,24240525270493943014072,THE GRATEFUL BREAD SEATTLE WA,SEATTLE       WA ,-18.75,October2025_5383.csv
09/27/2025,24011345270100022149840,SP HONEY STINGER HONEYSTINGER.CO,HONEYSTINGER. CO ,-54.38,October2025_5383.csv
09/27/2025,24692165269104914973045,TST*CARMELOS TACOS - SE Seattle WA,Seattle       WA ,-37.2,October2025_5383.csv
09/26/2025,74609055269100048103244,REMARKABLE OSLO,,-3.3,October2025_5383.csv
09/26/2025,24801975269492754375979,DUNN LAKE UNION SEATTLE WA,SEATTLE       WA ,-40.98,October2025_5383.csv
09/26/2025,24011345269100064214661,HUNGRYROOT.COM HUNGRYROOT.CONY,HUNGRYROOT.CO NY ,-131.45,October2025_5383.csv
09/26/2025,24027625268067860392355,PAYPAL *ARSENIC ANY ARSEN402-935-7733 VT,402-935-7733  VT ,-86.0,October2025_5383.csv
02/24/2025,24692165054105232488532,NYTIMES* 800-698-4637 NY,800-698-4637  NY ,-25.55,February2025_5383.csv
02/24/2025,24427335054710043689201,METROPOLITAN MKT 15 SEATTLE WA,SEATTLE       WA ,-74.9,February2025_5383.csv
02/22/2025,24198805052507609777839,PAYPAL *ARSENIC ANY AR 4029357733 CA,4029357733    CA ,-181.0,February2025_5383.csv
02/21/2025,24011345052500018189367,HUNGRYROOT.COM HUNGRYROOT.CONY,HUNGRYROOT.CO NY ,-127.67,February2025_5383.csv
02/21/2025,24793385051002088341045,Vagaro_*Refine Nails a SEATTLE WA,SEATTLE       WA ,-102.5,February2025_5383.csv
02/21/2025,05273500010847000310870,BA ELECTRONIC PAYMENT,,2648.84,February2025_5383.csv
02/19/2025,24692165049100905255589,SQ *MAINSTAY PROVISIONS DSeattle WA,Seattle       WA ,-42.48,February2025_5383.csv
02/19/2025,24692165049100464320113,GOOGLE *Disney Mobile 855-836-3987 CA,855-836-3987  CA ,-17.65,February2025_5383.csv
02/18/2025,24011345048500073690975,SP VLOUSNOW.COM VLOUSNOW.COM MD,VLOUSNOW.COM  MD ,-165.75,February2025_5383.csv
02/18/2025,24198805048506500616218,PAYPAL *ETSY INC SAN JOSE NY,SAN JOSE      NY ,-1167.22,February2025_5383.csv
02/17/2025,24692165047109416917464,SQ *RAVENNA BREWING CO Seattle WA,Seattle       WA ,-30.32,February2025_5383.csv
02/17/2025,24692165046108526764098,IN *SHADES BY MARKHAM LLC425-4430156 WA,425-4430156   WA ,-2151.83,February2025_5383.csv
02/17/2025,24013395046003054116917,SUMMIT AT SNOQUALMIE ECOM425-4347669 WA,425-4347669   WA ,-72.57,February2025_5383.csv
02/14/2025,24055235045243153324750,BROWN BEAR LAKE CITY SEATTLE WA,SEATTLE       WA ,-25.85,February2025_5383.csv
02/14/2025,24011345045500022684288,HUNGRYROOT.COM HUNGRYROOT.CONY,HUNGRYROOT.CO NY ,-127.67,February2025_5383.csv
02/08/2025,24240525038236512706252,UW PAY BY PHONE 206-685-1553 WA,206-685-1553  WA ,-0.25,February2025_5383.csv
02/08/2025,24240525038236512702434,UW PAY BY PHONE 206-685-1553 WA,206-685-1553  WA ,-10.0,February2025_5383.csv
02/08/2025,24240525038236512699994,UW PAY BY PHONE 206-685-1553 WA,206-685-1553  WA ,-10.0,February2025_5383.csv
02/08/2025,24692165038101720642889,STARBUCKS STORE 02810 SEATTLE WA,SEATTLE       WA ,-12.26,February2025_5383.csv
02/08/2025,24198805038505225436615,PAYPAL *VISHNUFREES 4029357733 CA,4029357733    CA ,-14.0,February2025_5383.csv
02/07/2025,24011345038500022993639,HUNGRYROOT.COM HUNGRYROOT.CONY,HUNGRYROOT.CO NY ,-127.67,February2025_5383.csv
02/07/2025,24240525037235485662782,UW PAY BY PHONE 206-685-1553 WA,206-685-1553  WA ,-10.0,February2025_5383.csv
02/01/2025,24011345032500031622779,SP HONEY STINGER HONEYSTINGER.CO,HONEYSTINGER. CO ,-54.38,February2025_5383.csv
02/01/2025,24692165031105529091047,TST*BLAZING BAGELS - BLA Seattle WA,Seattle       WA ,-31.25,February2025_5383.csv
01/31/2025,24011345031500016666958,HUNGRYROOT.COM HUNGRYROOT.CONY,HUNGRYROOT.CO NY ,-127.67,February2025_5383.csv
01/31/2025,24116415030716671670616,XERO SHOES 720-259-0374 CO,720-259-0374  CO ,-63.62,February2025_5383.csv
01/30/2025,74350155030007719924047,LEV HAOLAM.COM SBUT RAHEL,,-99.0,February2025_5383.csv
01/28/2025,24036295028742337302334,EB *OCTOBER H8TE 801-413-7200 CA,801-413-7200  CA ,-200.0,February2025_5383.csv
01/27/2025,24692165026101863746152,NYTIMES* 800-698-4637 NY,800-698-4637  NY ,-25.55,February2025_5383.csv
01/27/2025,24632695026500812888677,ACT THEATRE WEB 206-292-7660 WA,206-292-7660  WA ,-130.0,February2025_5383.csv
01/27/2025,74609055026500004182088,REMARKABLE OSLO,,-3.3,February2025_5383.csv
04/25/2025,                       ,INTEREST CHARGED ON PURCHASES,,-63.88,April2025_5383.csv
04/25/2025,74137465114001525078934,NORDSTROM#1 SEATTLE WA,SEATTLE       WA ,165.51,April2025_5383.csv
04/25/2025,24011345115100018308607,HUNGRYROOT.COM HUNGRYROOT.CONY,HUNGRYROOT.CO NY ,-127.67,April2025_5383.csv
04/23/2025,                       ,LATE FEE FOR PAYMENT DUE,,-27.0,April2025_5383.csv
04/23/2025,24692165112103714957975,SQ *DRIFTWOOD NATURAL SKIgosq.com WA,gosq.com      WA ,-346.01,April2025_5383.csv
04/22/2025,24039825111900015900584,COYOTE CAFE SANTA FE NM,SANTA FE      NM ,-218.51,April2025_5383.csv
04/21/2025,24692165111102251353987,NYTIMES* 800-698-4637 NY,800-698-4637  NY ,-25.55,April2025_5383.csv
04/21/2025,24692165109100587565989,SQ *PICNIC POP-UP CHEESE Cerrillos NM,Cerrillos     NM ,-6.63,April2025_5383.csv
04/19/2025,24493985109096800015780,HIST MUSEUM/PALACE OF GO 5054765101 NM,5054765101    NM ,-24.0,April2025_5383.csv
04/19/2025,24453885109000013501560,OHORI'S COFFEE SANTA FE NM,SANTA FE      NM ,-70.47,April2025_5383.csv
04/19/2025,24453885109000013500620,OHORI'S COFFEE SANTA FE NM,SANTA FE      NM ,-16.3,April2025_5383.csv
04/19/2025,24692165108109980344547,GOOGLE *Disney Mobile 855-836-3987 CA,855-836-3987  CA ,-17.65,April2025_5383.csv
04/19/2025,24692165108109814040063,SQ *MEOW WOLF SANTA FE LLSanta Fe NM,Santa Fe      NM ,-7.48,April2025_5383.csv
04/19/2025,24011345108100080510758,HUNGRYROOT.COM HUNGRYROOT.CONY,HUNGRYROOT.CO NY ,-127.67,April2025_5383.csv
04/18/2025,24493985108096490064404,GEORGIA O'KEEFFE MUSEUM SANTA FE NM,SANTA FE      NM ,-75.07,April2025_5383.csv
04/18/2025,24055225107309446175303,CAFE PASQUAL'S SANTA FE NM,SANTA FE      NM ,-130.91,April2025_5383.csv
04/17/2025,24011345106100118197752,TEN THOUSAND WAVES 150-59829304 NM,150-59829304  NM ,-150.59,April2025_5383.csv
04/16/2025,24493985106095791097255,TIA SOPHIA'S RESTAURANT SANTA FE NM,SANTA FE      NM ,-50.28,April2025_5383.csv
04/16/2025,24137465106001768677520,WHOLEFDS CER 10104 SANTA FE NM,SANTA FE      NM ,-61.02,April2025_5383.csv
04/14/2025,24692165102104723339892,TST*MAGNUSON CAFE & BREW Seattle WA,Seattle       WA ,-88.51,April2025_5383.csv
04/11/2025,24011345101100018977555,HUNGRYROOT.COM HUNGRYROOT.CONY,HUNGRYROOT.CO NY ,-127.67,April2025_5383.csv
04/10/2025,24692165099101942196314,TST*SKILLET REGRADE Seattle WA,Seattle       WA ,-42.4,April2025_5383.csv
04/08/2025,24692165097100414325619,SQ *FULCRUM MOUNTAINTOPS Seattle WA,Seattle       WA ,-23.62,April2025_5383.csv
04/07/2025,24011345095100064266968,JUDAICAWEBSTORE.COM WWW.JUDAICAWENY,WWW.JUDAICAWE NY ,-121.95,April2025_5383.csv
04/04/2025,24011345094100027563304,HUNGRYROOT.COM HUNGRYROOT.CONY,HUNGRYROOT.CO NY ,-127.67,April2025_5383.csv
04/03/2025,24137465093001266060299,NORDSTROM DIRECT #0808 800-285-5800 IA,800-285-5800  IA ,-165.51,April2025_5383.csv
04/02/2025,24011345092100003733014,SP HONEY STINGER HONEYSTINGER.CO,HONEYSTINGER. CO ,-54.38,April2025_5383.csv
04/01/2025,74350155091000967209399,LEV HAOLAM.COM SBUT RAHEL,,-99.0,April2025_5383.csv
03/31/2025,74541835088288075262556,DAISO JAPAN - ION SINGAPORE,,-4.72,April2025_5383.csv
03/29/2025,74143255088100000935375,MASHSG SINGAPORE,,-138.41,April2025_5383.csv
03/28/2025,24011345087100015476575,HUNGRYROOT.COM HUNGRYROOT.CONY,HUNGRYROOT.CO NY ,-127.67,April2025_5383.csv
03/27/2025,24198805085512612172128,PAYPAL *ARSENIC ANY AR 4029357733 VT,4029357733    VT ,-115.0,April2025_5383.csv
03/26/2025,74609055085100005886148,REMARKABLE OSLO,,-3.3,April2025_5383.csv
07/25/2025,                       ,INTEREST CHARGED ON PURCHASES,,-98.21,July2025_5383.csv
07/25/2025,24011345206100055943936,HUNGRYROOT.COM HUNGRYROOT.CONY,HUNGRYROOT.CO NY ,-127.67,July2025_5383.csv
07/24/2025,24692165204101368218529,TST*RUBINSTEIN BAGELS - Seattle WA,Seattle       WA ,-33.24,July2025_5383.csv
07/23/2025,                       ,LATE FEE FOR PAYMENT DUE,,-39.0,July2025_5383.csv
07/23/2025,24430995204416620092257,SEATTLEACADEMY 206-676-6894 WA,206-676-6894  WA ,-2763.0,July2025_5383.csv
07/23/2025,24733095204071348000893,CONVENFEE 866-492-3463 MA,866-492-3463  MA ,-79.05,July2025_5383.csv
07/23/2025,24692165203100745123288,TST*MONSOON - BELLEVUE Bellevue WA,Bellevue      WA ,-68.88,July2025_5383.csv
07/23/2025,20473500010847000181039,BA ELECTRONIC PAYMENT,,4937.8,July2025_5383.csv
07/21/2025,24027625201067645862821,PAYPAL *WORLDPACKER 786-897-1926 FL,786-897-1926  FL ,-49.0,July2025_5383.csv
07/19/2025,24692165199107124460336,TST*THE BRYANT CORNER CA Seattle WA,Seattle       WA ,-48.3,July2025_5383.csv
07/19/2025,24692165199107034554798,GOOGLE *Disney Mobile 855-836-3987 CA,855-836-3987  CA ,-17.65,July2025_5383.csv
07/18/2025,24036295199712507706898,AIRBNB * HMKNBQB23F AIRBNB.COM CA,AIRBNB.COM    CA ,-76.59,July2025_5383.csv
07/18/2025,24011345199100018462502,HUNGRYROOT.COM HUNGRYROOT.CONY,HUNGRYROOT.CO NY ,-121.56,July2025_5383.csv
07/17/2025,24011345198100012937088,SP SPIRITUAL GANGSTE SPIRITUALGANGCA,SPIRITUALGANG CA ,-186.49,July2025_5383.csv
07/15/2025,24692165195102905344134,NYTIMES* 800-698-4637 NY,800-698-4637  NY ,-25.55,July2025_5383.csv
07/12/2025,24692165192100482438470,TST*BELLE EPICUREAN - EA Seattle WA,Seattle       WA ,-27.67,July2025_5383.csv
07/11/2025,24011345192100016505994,HUNGRYROOT.COM HUNGRYROOT.CONY,HUNGRYROOT.CO NY ,-127.67,July2025_5383.csv
07/09/2025,24692165189107502658529,TST*AGUA VERDE CAFE Seattle WA,Seattle       WA ,-11.73,July2025_5383.csv
07/08/2025,24198805188526431152885,PAYPAL *VISHNUFREES 4029357733 CA,4029357733    CA ,-66.0,July2025_5383.csv
07/04/2025,24692165184102668409879,SQ *MAINSTAY PROVISIONS DSeattle WA,Seattle       WA ,-34.21,July2025_5383.csv
07/03/2025,24055235184394193906436,KITCHEN & MARKET-MADISON SEATTLE WA,SEATTLE       WA ,-7.0,July2025_5383.csv
07/03/2025,24692165184102487628212,SQ *FULCRUM MOUNTAINTOPS Seattle WA,Seattle       WA ,-9.28,July2025_5383.csv
07/02/2025,74350155183005854468270,LEV HAOLAM.COM SBUT RAHEL,,-99.0,July2025_5383.csv
07/01/2025,24943005182237163945071,POKE ALICE 2 SEATTLE WA,SEATTLE       WA ,-42.35,July2025_5383.csv
06/30/2025,24036385180071713046031,PAYPAL *FANDANGO 866-857-5191 CA,866-857-5191  CA ,-45.3,July2025_5383.csv
06/27/2025,24240525178387306613145,WA DEPT OF HEALTH HSQA 360-236-4508 WA,360-236-4508  WA ,-1328.4,July2025_5383.csv
06/27/2025,74940005177018280293420,DECATHLON LOGRONO LOGRONO,,-64.13,July2025_5383.csv
06/27/2025,74040945177008129371533,LAVANDERIA OPEN BLUE LOGRONO,,-9.33,July2025_5383.csv
06/27/2025,74040945177008105162070,LAVANDERIA OPEN BLUE LOGRONO,,-8.17,July2025_5383.csv
06/27/2025,24011345178100012206595,HUNGRYROOT.COM HUNGRYROOT.CONY,HUNGRYROOT.CO NY ,-127.67,July2025_5383.csv
06/26/2025,74609055177100006008543,REMARKABLE OSLO,,-3.3,July2025_5383.csv
06/24/2025,74509465174210082656696,SIMPLY CHILE LOGRONO,,-18.93,June2025_5383.csv
06/24/2025,24036295174718177292910,AIRBNB * HMSBE25BKD AIRBNB.COM CA,AIRBNB.COM    CA ,-704.37,June2025_5383.csv
06/23/2025,24036295173716056934967,AIRBNB * HMKNBQB23F AIRBNB.COM CA,AIRBNB.COM    CA ,-284.99,June2025_5383.csv
06/23/2025,17473500010847000286032,BA ELECTRONIC PAYMENT,,2921.24,June2025_5383.csv
06/23/2025,74509465172210080925749,CACHITO MIO LARDERO,,-10.22,June2025_5383.csv
06/23/2025,74509465172210080490413,MIKONOS GRAN VIA LOGRONO,,-40.41,June2025_5383.csv
06/23/2025,74509465172210080869046,MIKONOS GRAN VIA LOGRONO,,-84.04,June2025_5383.csv
06/21/2025,24431065171230334571237,ALASKA AIR 0272109051092SEATTLE WA,SEATTLE       WA ,-133.3,June2025_5383.csv
06/20/2025,24036295170744597721159,ALLIANZ TRAVEL INS ALLIANZINS.USVA,ALLIANZINS.US VA ,-23.98,June2025_5383.csv
06/20/2025,24793385170000912433075,as.Saily*saily Lewes DE,Lewes         DE ,-14.99,June2025_5383.csv
06/19/2025,24692165169102170102961,GOOGLE *Disney Mobile 855-836-3987 CA,855-836-3987  CA ,-17.65,June2025_5383.csv
06/18/2025,24493985169116697034210,SEA AIRPORT PARKING 2067874069 WA,2067874069    WA ,-8.0,June2025_5383.csv
06/18/2025,24692165168101229251077,SQ *JOEY UNIVERSITY VILLASeattle WA,Seattle       WA ,-141.23,June2025_5383.csv
06/17/2025,24692165167100586090780,TST*EL CAMION - SAND POI Seattle WA,Seattle       WA ,-31.09,June2025_5383.csv
06/16/2025,24692165167100163654396,NYTIMES* 800-698-4637 NY,800-698-4637  NY ,-25.55,June2025_5383.csv
06/14/2025,74284485164523963939499,PAYPAL *IEFSPACESPT 91051816,,-89.0,June2025_5383.csv
06/13/2025,24055235164371409485185,KITCHEN & MARKET-MADISON SEATTLE WA,SEATTLE       WA ,-41.5,June2025_5383.csv
06/13/2025,24011345164100031138932,HUNGRYROOT.COM HUNGRYROOT.CONY,HUNGRYROOT.CO NY ,-127.67,June2025_5383.csv
06/13/2025,24801975163370853461519,FURY CONSIGNMENT SEATTLE WA,SEATTLE       WA ,-458.61,June2025_5383.csv
06/12/2025,24692165162106260663615,SQ *FULCRUM MOUNTAINTOPS Seattle WA,Seattle       WA ,-24.15,June2025_5383.csv
06/12/2025,24692165162105893472642,TST*RUBINSTEIN BAGELS - Seattle WA,Seattle       WA ,-32.49,June2025_5383.csv
06/11/2025,24036295161714328017921,RUELALA*MMSMOORSLQ RUELALA.COM MA,RUELALA.COM   MA ,-156.67,June2025_5383.csv
06/10/2025,24036295160718176129911,RUELALA*MMSQOQQPNT RUELALA.COM MA,RUELALA.COM   MA ,-369.62,June2025_5383.csv
06/09/2025,24692165158102530633344,SWEETGREEN SOUTH LAKE SEATTLE WA,SEATTLE       WA ,-31.86,June2025_5383.csv
06/06/2025,24801975156362998034235,FURY CONSIGNMENT SEATTLE WA,SEATTLE       WA ,-165.11,June2025_5383.csv
06/06/2025,24011345157100013154955,HUNGRYROOT.COM HUNGRYROOT.CONY,HUNGRYROOT.CO NY ,-119.67,June2025_5383.csv
06/06/2025,24943005156220313149440,LERNER FAMILY CAFE SEATTLE WA,SEATTLE       WA ,-9.93,June2025_5383.csv
06/03/2025,24692165154108194810296,SQ *MAINSTAY PROVISIONS DSeattle WA,Seattle       WA ,-24.28,June2025_5383.csv
06/03/2025,74350155154004331407659,LEV HAOLAM.COM SBUT RAHEL,,-99.0,June2025_5383.csv
06/02/2025,24011345153100003479135,SP HONEY STINGER HONEYSTINGER.CO,HONEYSTINGER. CO ,-54.38,June2025_5383.csv
06/02/2025,24692165152106282990030,SQ *STYLECLASSEDGE Seattle WA,Seattle       WA ,-150.0,June2025_5383.csv
06/02/2025,24692165151105949598609,TST*BOUNTY KITCHEN Seattle WA,Seattle       WA ,-27.38,June2025_5383.csv
05/30/2025,24055235150355709450508,KITCHEN & MARKET-MADISON SEATTLE WA,SEATTLE       WA ,-15.0,June2025_5383.csv
05/30/2025,24011345150100012385243,HUNGRYROOT.COM HUNGRYROOT.CONY,HUNGRYROOT.CO NY ,-127.67,June2025_5383.csv
05/29/2025,24493985148109696040359,WWW.DWR.COM 800-944-2233 CT,800-944-2233  CT ,-4075.45,June2025_5383.csv
05/29/2025,24692165148103173090977,TST*KUMA - GEORGETOWN Seattle WA,Seattle       WA ,-31.93,June2025_5383.csv
05/28/2025,24431065147214604539596,ALASKA AIR 0272106640952SEATTLE WA,SEATTLE       WA ,-52.51,June2025_5383.csv
05/28/2025,14873500010847000359402,BA ELECTRONIC PAYMENT,,2921.24,June2025_5383.csv
05/26/2025,74609055146100006124207,REMARKABLE OSLO,,-3.3,June2025_5383.csv
05/26/2025,24492165144100033479610,LS MONTLAKE BICYCLE S 186-69321801 WA,186-69321801  WA ,-33.11,June2025_5383.csv
01/25/2025,                       ,INTEREST CHARGED ON PURCHASES,,-160.65,January2025_5383.csv
01/25/2025,24431065025137398006646,CSA-GGA-DAMAGE INSURAN clover.com CA,clover.com    CA ,-89.0,January2025_5383.csv
01/25/2025,74431065024137076934172,ALASKA AIR 0272394527601SEATTLE WA,SEATTLE       WA ,196.01,January2025_5383.csv
01/25/2025,24692165024102842957706,Vrbo HA6L44TX 512-759-0902 TX,512-759-0902  TX ,-835.84,January2025_5383.csv
01/24/2025,24011345024500018661923,HUNGRYROOT.COM HUNGRYROOT.CONY,HUNGRYROOT.CO NY ,-127.67,January2025_5383.csv
01/24/2025,74980005023832200839568,EXPO2025TICKETSITE OSAKA,,-122.27,January2025_5383.csv
01/23/2025,24431065022135847537743,ALASKA AIR 0272394527601SEATTLE WA,SEATTLE       WA ,-766.6,January2025_5383.csv
01/22/2025,02273500010847000407251,BA ELECTRONIC PAYMENT,,12483.98,January2025_5383.csv
01/20/2025,24692165018107652623528,GOOGLE *Disney Mobile 855-836-3987 CA,855-836-3987  CA ,-17.65,January2025_5383.csv
01/18/2025,24692165017107014044257,STARBUCKS STORE 02810 SEATTLE WA,SEATTLE       WA ,-13.15,January2025_5383.csv
01/17/2025,24011345017500010679633,HUNGRYROOT.COM HUNGRYROOT.CONY,HUNGRYROOT.CO NY ,-127.67,January2025_5383.csv
01/17/2025,24027625016067896411133,PAYPAL *ARSENIC ANY ARSEN402-935-7733 CA,402-935-7733  CA ,-252.0,January2025_5383.csv
01/13/2025,24943005012129490735562,BARTELL DRUG 06973 SEATTLE WA,SEATTLE       WA ,-62.62,January2025_5383.csv
01/11/2025,24116415010208308238557,MIGAKU SEATTLE WA,SEATTLE       WA ,-985.45,January2025_5383.csv
01/10/2025,24011345010500009687586,HUNGRYROOT.COM HUNGRYROOT.CONY,HUNGRYROOT.CO NY ,-127.67,January2025_5383.csv
01/08/2025,24692165007109027259825,IN *SHADES BY MARKHAM LLC425-4430156 WA,425-4430156   WA ,-2151.83,January2025_5383.csv
01/06/2025,24803945005910005181508,EPOCH.COM *PINKANDWH San FranciscoCA,San Francisco CA ,-5.93,January2025_5383.csv
01/06/2025,24692165004106296569143,TST*BLAZING BAGELS - BLA Seattle WA,Seattle       WA ,-104.08,January2025_5383.csv
01/03/2025,24445005002300368130351,QFC #5807 SEATTLE WA,SEATTLE       WA ,-22.09,January2025_5383.csv
01/03/2025,24445005002300368130278,QFC #5807 SEATTLE WA,SEATTLE       WA ,-9.59,January2025_5383.csv
01/03/2025,24011345003000015010799,HUNGRYROOT.COM HUNGRYROOT.CONY,HUNGRYROOT.CO NY ,-127.67,January2025_5383.csv
01/03/2025,24049555002900012869967,MUD BAY UNIVERSITY VILLAGSEATTLE WA,SEATTLE       WA ,-137.34,January2025_5383.csv
01/02/2025,24445005001500559532072,EVO - SEATTLE SEATTLE WA,SEATTLE       WA ,-220.53,January2025_5383.csv
01/02/2025,74350155001006217272300,LEV HAOLAM.COM SBUT RAHEL,,-99.0,January2025_5383.csv
12/31/2024,24036294366744186004477,TOCK AT*TAVERN LAW TAVERNLAW.CO IL,TAVERNLAW.CO  IL ,-52.25,January2025_5383.csv
12/31/2024,24445004365100132051246,SUMMIT AT SNOQUALMIE F&B SNOQUALMIE PAWA,SNOQUALMIE PA WA ,-26.0,January2025_5383.csv
12/30/2024,24692164364101605392425,NYTIMES* 800-698-4637 NY,800-698-4637  NY ,-25.55,January2025_5383.csv
12/30/2024,24000774365000000222520,FULLSCRIPT* R588685504 HTTPSUS.FULLSNH,HTTPSUS.FULLS NH ,-120.97,January2025_5383.csv
12/30/2024,24445004364100204951712,SUMMIT AT SNOQUALMIE F&B SNOQUALMIE PAWA,SNOQUALMIE PA WA ,-26.0,January2025_5383.csv
12/30/2024,24492164364000009286856,SP JACK JEROME 120-65245225 WA,120-65245225  WA ,-295.75,January2025_5383.csv
12/30/2024,24445004363300345815351,RED ROBIN NO 12 SEATTLE WA,SEATTLE       WA ,-24.0,January2025_5383.csv
12/30/2024,24492164363500008353624,RP* SUMMIT AT SNOQUALM ROVERPASS.COMTX,ROVERPASS.COM TX ,-48.04,January2025_5383.csv
12/30/2024,24231684363195641548186,SAFEWAY #1551 SEATTLE WA,SEATTLE       WA ,-10.99,January2025_5383.csv
12/28/2024,24801974363195294159906,MAPLE LEAF ACE SEATTLE WA,SEATTLE       WA ,-78.75,January2025_5383.csv
12/27/2024,36273500010847000248653,BA ELECTRONIC PAYMENT,,7140.54,January2025_5383.csv
12/27/2024,24692164361108839468346,IN *SHADES BY MARKHAM LLC425-4430156 WA,425-4430156   WA ,-2328.97,January2025_5383.csv
12/27/2024,24011344362000015825962,HUNGRYROOT.COM HUNGRYROOT.CONY,HUNGRYROOT.CO NY ,-127.67,January2025_5383.csv
12/26/2024,74609054361500002510617,REMARKABLE OSLO,,-3.3,January2025_5383.csv
12/26/2024,24493984360059571067981,SEA AIRPORT PARKING 2067874069 WA,2067874069    WA ,-32.0,January2025_5383.csv
12/26/2024,24445004359300455840153,QFC #5807 SEATTLE WA,SEATTLE       WA ,-14.46,January2025_5383.csv
12/26/2024,24445004359300455840070,QFC #5807 SEATTLE WA,SEATTLE       WA ,-5.79,January2025_5383.csv
12/26/2024,24692164359107249634277,CRYSTAL MOUNTAIN 360-663-3020 WA,360-663-3020  WA ,-146.75,January2025_5383.csv
12/26/2024,24755424359163598750174,SEA SMITH COVE 6951113 888-3100583 WA,888-3100583   WA ,-51.85,January2025_5383.csv
03/24/2025,24692165083107300389498,NYTIMES* 800-698-4637 NY,800-698-4637  NY ,-25.55,March2025_5383.csv
03/24/2025,24717055081870815265018,ANA AIR 2057210998391SEATTLE WA,SEATTLE       WA ,-950.21,March2025_5383.csv
03/24/2025,24717055081870815265000,ANA AIR 2057210998390SEATTLE WA,SEATTLE       WA ,-950.21,March2025_5383.csv
03/21/2025,08073500010847000301636,BA ELECTRONIC PAYMENT,,5231.91,March2025_5383.csv
03/21/2025,24011345080100020325392,HUNGRYROOT.COM HUNGRYROOT.CONY,HUNGRYROOT.CO NY ,-127.67,March2025_5383.csv
03/21/2025,24692165079104467614624,SQ *MAINSTAY PROVISIONS DSeattle WA,Seattle       WA ,-23.73,March2025_5383.csv
03/21/2025,24793385079003072945047,Vagaro_*Refine Nails a SEATTLE WA,SEATTLE       WA ,-98.4,March2025_5383.csv
03/20/2025,24692165078103453290614,SQ *FULCRUM MOUNTAINTOPS Seattle WA,Seattle       WA ,-25.86,March2025_5383.csv
03/19/2025,74137465077001687038093,NORDSTROM#1 SEATTLE WA,SEATTLE       WA ,1938.01,March2025_5383.csv
03/19/2025,24137465078001258663190,NORDSTROM DIRECT #0808 800-285-5800 IA,800-285-5800  IA ,-79.45,March2025_5383.csv
03/19/2025,24692165077102373051040,GOOGLE *Disney Mobile 855-836-3987 CA,855-836-3987  CA ,-17.65,March2025_5383.csv
03/14/2025,24011345073500015507277,HUNGRYROOT.COM HUNGRYROOT.CONY,HUNGRYROOT.CO NY ,-127.67,March2025_5383.csv
03/13/2025,24943005072166484775631,COSTCO WHSE #1190 LYNNWOOD WA,LYNNWOOD      WA ,-6.6,March2025_5383.csv
03/13/2025,24036295071712064042821,QUICKEN INC 650-250-1900 CA,650-250-1900  CA ,-145.53,March2025_5383.csv
03/12/2025,24493985070084015213411,SDOT PAYBYPHONE PARKING 206-684-5260 WA,206-684-5260  WA ,-3.25,March2025_5383.csv
03/12/2025,24692165070109291929584,TST*SKILLET REGRADE Seattle WA,Seattle       WA ,-44.3,March2025_5383.csv
03/11/2025,24137465070001244890897,NORDSTROM DIRECT #0808 800-285-5800 IA,800-285-5800  IA ,-446.09,March2025_5383.csv
03/11/2025,24137465070001244890970,NORDSTROM DIRECT #0808 800-285-5800 IA,800-285-5800  IA ,-569.41,March2025_5383.csv
03/10/2025,24137465069001173895365,NORDSTROM DIRECT #0808 800-285-5800 IA,800-285-5800  IA ,-425.27,March2025_5383.csv
03/10/2025,24941665067116111171324,EINSTEIN BROS BAGELS2171 SEATTLE WA,SEATTLE       WA ,-10.9,March2025_5383.csv
03/07/2025,24011345066500043725346,HUNGRYROOT.COM HUNGRYROOT.CONY,HUNGRYROOT.CO NY ,-127.67,March2025_5383.csv
03/06/2025,24000775065500001608874,CAMP NORWESTER WWW.NORWESTERWA,WWW.NORWESTER WA ,-175.0,March2025_5383.csv
03/05/2025,74350155064009495289560,LEV HAOLAM.COM SBUT RAHEL,,-99.0,March2025_5383.csv
02/28/2025,24011345059500028856123,HUNGRYROOT.COM HUNGRYROOT.CONY,HUNGRYROOT.CO NY ,-127.67,March2025_5383.csv
02/26/2025,74609055057500005227033,REMARKABLE OSLO,,-3.3,March2025_5383.csv
02/26/2025,24692165056106779451758,GOOGLE *Duolingo 855-836-3987 CA,855-836-3987  CA ,-105.93,March2025_5383.csv
11/25/2025,                       ,INTEREST CHARGED ON PURCHASES,,-178.53,November2025_5383.csv
11/25/2025,24692165328107644409395,SQ *MAINSTAY PROVISIONS DSeattle WA,Seattle       WA ,-8.83,November2025_5383.csv
11/25/2025,24027625328067916793992,PAYPAL *BLACKSTRAP BLACKS402-935-7733 OR,402-935-7733  OR ,-71.99,November2025_5383.csv
11/25/2025,32973500010847000281797,BA ELECTRONIC PAYMENT,,7402.41,November2025_5383.csv
11/24/2025,                       ,LATE FEE FOR PAYMENT DUE,,-39.0,November2025_5383.csv
11/24/2025,24013395327004726170548,KATTERMANS SAND POINT PHASEATTLE WA,SEATTLE       WA ,-7.69,November2025_5383.csv
11/24/2025,24692165327106005088039,Amazon.com*B20R95CH2 Amzn.com/billWA,Amzn.com/bill WA ,-750.0,November2025_5383.csv
11/24/2025,24027625326067739943776,PAYPAL *HUEL 402-935-7733 NY,402-935-7733  NY ,-75.0,November2025_5383.csv
11/22/2025,24064665326100000957074,WWW.INSPIREDCLOSETSSEA WWW.INSPIREDCWA,WWW.INSPIREDC WA ,-1500.0,November2025_5383.csv
11/21/2025,24011345325100076512112,HUNGRYROOT.COM HUNGRYROOT.CONY,HUNGRYROOT.CO NY ,-135.23,November2025_5383.csv
11/21/2025,24137465325001349264017,NORDSTROM DIRECT #0808 800-285-5800 IA,800-285-5800  IA ,-44.14,November2025_5383.csv
11/21/2025,24692165324103236469263,TST*SKILLET REGRADE Seattle WA,Seattle       WA ,-51.56,November2025_5383.csv
11/20/2025,24137465324001331994226,NORDSTROM DIRECT #0808 800-285-5800 IA,800-285-5800  IA ,-22.07,November2025_5383.csv
11/19/2025,24027625322067505486681,PAYPAL *EBAY US 786-762-515 CA,786-762-515   CA ,-27.58,November2025_5383.csv
11/18/2025,24793385322001028689078,Vrbo HA8BZ07S 512-7590902 TX,512-7590902   TX ,-1381.06,November2025_5383.csv
11/17/2025,24122595320017055517683,SAND POINT GRILL SEATTLE WA,SEATTLE       WA ,-81.36,November2025_5383.csv
11/17/2025,74769575320004020117075,WB E-STORE 800-766-0449 BC,800-766-0449  BC ,-191.05,November2025_5383.csv
11/17/2025,24036295319714689328504,MPIX 620-231-8050 KS,620-231-8050  KS ,-14.87,November2025_5383.csv
11/14/2025,24011345318100069204189,HUNGRYROOT.COM HUNGRYROOT.CONY,HUNGRYROOT.CO NY ,-131.45,November2025_5383.csv
11/14/2025,24036295317718339003609,RUELALA*MMTMNQRMTU RUELALA.COM MA,RUELALA.COM   MA ,-90.79,November2025_5383.csv
11/10/2025,24492165314100013885368,SP ENGINEERED NOW ENGINEEREDNOWCO,ENGINEEREDNOW CO ,-136.98,November2025_5383.csv
11/07/2025,24011345311100066435908,HUNGRYROOT.COM HUNGRYROOT.CONY,HUNGRYROOT.CO NY ,-133.34,November2025_5383.csv
11/04/2025,24692165307101121687909,SQ *MAINSTAY PROVISIONS DSeattle WA,Seattle       WA ,-18.76,November2025_5383.csv
11/03/2025,24692165306100230365804,NYTIMES* 800-698-4637 NY,800-698-4637  NY ,-25.55,November2025_5383.csv
11/03/2025,74350155306002739792497,LEV HAOLAM.COM SBUT RAHEL,,-99.0,November2025_5383.csv
11/03/2025,24692165305108976231974,SQ *VISIBLE COFFEE ROASTESeattle WA,Seattle       WA ,-13.59,November2025_5383.csv
10/31/2025,                       ,ANNUAL FEE,,-95.0,November2025_5383.csv
10/31/2025,24011345304100059065851,HUNGRYROOT.COM HUNGRYROOT.CONY,HUNGRYROOT.CO NY ,-131.45,November2025_5383.csv
10/30/2025,24000975302676204431204,IKON PASS 888-3654566 CO,888-3654566   CO ,-999.0,November2025_5383.csv
10/30/2025,24034545302006032595734,81394 - WESTLAKE & TERRY SEATTLE WA,SEATTLE       WA ,-6.24,November2025_5383.csv
10/28/2025,24692165300104301771847,SQ *MAINSTAY PROVISIONS DSeattle WA,Seattle       WA ,-10.48,November2025_5383.csv
10/27/2025,74609055299100004988772,REMARKABLE OSLO,,-3.3,November2025_5383.csv
10/27/2025,24692165299102812684247,Vrbo HA8BZ07S 512-759-0902 TX,512-759-0902  TX ,-2147.93,November2025_5383.csv
10/27/2025,24036295298718271437370,MPIX 620-231-8050 KS,620-231-8050  KS ,-14.87,November2025_5383.csv
08/25/2025,                       ,INTEREST CHARGED ON PURCHASES,,-125.66,August2025_5383.csv
08/23/2025,                       ,LATE FEE FOR PAYMENT DUE,,-39.0,August2025_5383.csv
08/23/2025,24692165234106383884126,TST*MAMNOON STREET QSR Seattle WA,Seattle       WA ,-40.12,August2025_5383.csv
08/23/2025,24692165234106192416649,SQ *VISIBLE COFFEE ROASTESeattle WA,Seattle       WA ,-6.55,August2025_5383.csv
08/22/2025,24011345234100062689767,HUNGRYROOT.COM HUNGRYROOT.CONY,HUNGRYROOT.CO NY ,-129.56,August2025_5383.csv
08/22/2025,24692165233105287782817,SQ *VOLUNTEER PARK CAFE &Seattle WA,Seattle       WA ,-24.11,August2025_5383.csv
08/21/2025,24692165232104208171367,TST*SKILLET REGRADE Seattle WA,Seattle       WA ,-39.08,August2025_5383.csv
08/20/2025,24137465232001254510703,NORDSTROM RACK #138 BELLEVUE WA,BELLEVUE      WA ,-38.5,August2025_5383.csv
08/19/2025,24692165231103111334501,TST*RUBINSTEIN BAGELS - Seattle WA,Seattle       WA ,-15.79,August2025_5383.csv
08/16/2025,24198805227532973902086,PAYPAL *UNICYCLE 6784944962 GA,6784944962    GA ,-108.62,August2025_5383.csv
08/15/2025,24055235227443688839955,KITCHEN & MARKET-MADISON SEATTLE WA,SEATTLE       WA ,-9.5,August2025_5383.csv
08/15/2025,24011345227100058879215,HUNGRYROOT.COM HUNGRYROOT.CONY,HUNGRYROOT.CO NY ,-127.67,August2025_5383.csv
08/12/2025,24943005224264701751522,POKE ALICE 2 SEATTLE WA,SEATTLE       WA ,-47.63,August2025_5383.csv
08/11/2025,24692165222105616267509,NYTIMES* 800-698-4637 NY,800-698-4637  NY ,-25.55,August2025_5383.csv
08/11/2025,74188895221000259195027,"tripla Co., Ltd. Tokyo",,-973.81,August2025_5383.csv
08/08/2025,24055235220435602670752,KITCHEN & MARKET-MADISON SEATTLE WA,SEATTLE       WA ,-12.5,August2025_5383.csv
08/07/2025,24251385218030049512169,ELTSA CUSTOM SEWING SEATTLE WA,SEATTLE       WA ,-320.4,August2025_5383.csv
08/07/2025,24027625218067369862081,PAYPAL *SVALBOARD SVALBOA402-935-7733 CA,402-935-7733  CA ,-438.51,August2025_5383.csv
08/04/2025,24027625215067234102914,PAYPAL *HUEL 402-935-7733 NY,402-935-7733  NY ,-75.0,August2025_5383.csv
08/02/2025,24493985214132003063475,SEA AIRPORT PARKING 2067874069 WA,2067874069    WA ,-8.0,August2025_5383.csv
08/02/2025,24231685213427621553897,SAFEWAY #1493 SEATAC WA,SEATAC        WA ,-27.86,August2025_5383.csv
08/02/2025,24137465213501235458453,WHOLEFDS BLV 10153 BELLEVUE WA,BELLEVUE      WA ,-11.92,August2025_5383.csv
08/01/2025,24011345213100069076757,HUNGRYROOT.COM HUNGRYROOT.CONY,HUNGRYROOT.CO NY ,-127.67,August2025_5383.csv
08/01/2025,74350155213007576275235,LEV HAOLAM.COM SBUT RAHEL,,-99.0,August2025_5383.csv
07/31/2025,24692165211108208757914,SQ *MAINSTAY PROVISIONS DSeattle WA,Seattle       WA ,-21.29,August2025_5383.csv
07/30/2025,24011345210100113830863,SP HONEY STINGER HONEYSTINGER.CO,HONEYSTINGER. CO ,-54.38,August2025_5383.csv
07/30/2025,24036295210742096185845,AIRBNB * HMKNBQB23F AIRBNB.COM CA,AIRBNB.COM    CA ,-64.62,August2025_5383.csv
07/29/2025,24493985210130593044842,SEA AIRPORT PARKING 2067874069 WA,2067874069    WA ,-8.0,August2025_5383.csv
07/29/2025,24793385210001201126075,Vagaro_*Refine Nails and SEATTLE WA,SEATTLE       WA ,-102.5,August2025_5383.csv
07/29/2025,24692165209106090717784,TST*GASWORKS BREWERY Seattle WA,Seattle       WA ,-25.18,August2025_5383.csv
07/28/2025,24011345209100031125829,IC* INSTACART INSTACART.COMCA,INSTACART.COM CA ,-94.95,August2025_5383.csv
07/28/2025,24692165208104882454147,GOOGLE *AllTrails com 855-836-3987 CA,855-836-3987  CA ,-39.72,August2025_5383.csv
07/28/2025,24793385207002200511056,Title Nine - Seattle Seattle WA,Seattle       WA ,-267.05,August2025_5383.csv
07/26/2025,74609055207100006447059,REMARKABLE OSLO,,-3.3,August2025_5383.csv
07/26/2025,24027625206067871637108,PAYPAL *WAKAKUSA CU WAKAK402-935-7733 CA,402-935-7733  CA ,-3.57,August2025_5383.csv
07/26/2025,24027625206067871244962,PAYPAL *WAKAKUSA CU WAKAK402-935-7733 CA,402-935-7733  CA ,-13.22,August2025_5383.csv
07/26/2025,24027625206067871208470,PAYPAL *WAKAKUSA CU WAKAK402-935-7733 CA,402-935-7733  CA ,-15.36,August2025_5383.csv
